time,seconds_elapsed,z,y,x
1665946343053600000,0.02160009765625,-0.34127193624973295,-0.27096272074878214,-0.06831482681334018
1665946343063682000,0.03168212890625,-0.8155623498916625,0.5259212321579456,-0.012734101627767086
1665946343073764000,0.04176416015625,-0.6139999131053686,1.0277379506289959,-0.06181815827041864
1665946343083846100,0.05184619140625,-0.37762101448178287,0.9966413860976695,-0.0826902659073472
1665946343093928200,0.06192822265625,-0.08299509407281876,0.8871054911017417,0.10905687930732964
1665946343104009200,0.07200927734375,0.716462508714199,0.7774088525861501,0.25003420674949883
1665946343114091300,0.08209130859375,0.5870949550449848,0.25721242781579495,0.20280922197699547
1665946343124173000,0.092173095703125,0.4162409602552652,-0.21675825235247612,0.3201359169796109
1665946343134255000,0.102255126953125,0.0891623845309019,-0.39131402426958084,0.09682196850650943
1665946343144337200,0.112337158203125,0.24582184975147245,-0.35464345899820326,-0.3726712831199169
1665946343154418000,0.12241796875,0.42311318411231036,-0.22464228360056876,-0.4527987128019333
1665946343164500000,0.1325,0.2694534852296114,-0.2724626039177179,-0.22852058633863925
1665946343174582000,0.14258203125,-0.28467794236838817,-0.2698269947171211,0.03967821352160535
1665946343184664000,0.1526640625,-0.8297451890230179,-0.09524784192442894,0.29704496424943205
1665946343194746000,0.16274609375,-0.8095423589497804,0.43760114367008207,0.7133379469528793
1665946343204827100,0.1728271484375,-0.8868249205946922,1.0472376008689404,1.0181104367144405
1665946343214909200,0.1829091796875,-0.5701823986887932,0.9069535163879394,0.5428161067269742
1665946343224991000,0.192990966796875,-0.8496364689290523,0.8014858937442302,-0.013590572326630353
1665946343235073000,0.203072998046875,-1.1593395469605923,0.8861170645862817,-0.20150340007543563
1665946343245155000,0.213155029296875,-1.0096592731028795,0.8653308816671371,-0.28092633474990725
1665946343255236000,0.223236083984375,-0.5285667782306671,0.7595289125025272,-0.3186481626398861
1665946343265318100,0.233318115234375,-0.1484796658962965,0.6042722998172044,-0.1099118887014687
1665946343275400200,0.243400146484375,0.01980067901313305,0.39326924999058244,0.17677523806486278
1665946343285482200,0.253482177734375,0.2001625068604946,0.05727203927338123,0.3316799320399761
1665946343295564300,0.263564208984375,0.2774731255561113,-0.046238019561767575,0.17898473080787808
1665946343305645000,0.27364501953125,0.30129297708272934,0.10240472794175147,-0.0013955460116267203
1665946343315727000,0.28372705078125,0.20635610080361366,0.12896364904344082,-0.14112301952317355
1665946343325809000,0.293808837890625,0.1901367874085903,0.06725801123678683,-0.31036709489822384
1665946343335891000,0.303890869140625,0.06391571507155895,0.2172469126522541,-0.3823920282758772
1665946343345973000,0.313972900390625,-0.11504676737189293,0.34877427470386024,0.05239201214686036
1665946343356054000,0.324053955078125,0.19976327840983865,0.18839140504598617,0.6598948183178901
1665946343366136000,0.334135986328125,0.88304306396842,-0.34011341386437416,0.6848642782710492
1665946343376217600,0.344217529296875,1.53258716866374,-0.712518155002594,0.9068724139757454
1665946343386299600,0.354299560546875,1.6418343098461627,-0.9511702592551707,2.0891750495031474
1665946343396381700,0.364381591796875,1.313831605014205,-0.7925859634518623,2.482041271650791
1665946343406462500,0.37446240234375,0.9330173474490642,-0.12859949190616607,1.8063880354478954
1665946343416544500,0.38454443359375,0.12595686844289303,0.6136176357895136,0.5507612570451572
1665946343426626600,0.39462646484375,-0.6324357335060834,0.6961942121893168,0.5752518839728087
1665946343436708400,0.404708251953125,-1.321112409672141,0.9280968421816825,-0.28945597042515875
1665946343446790400,0.414790283203125,-0.986342110401392,0.880116947388649,-0.11594912303909659
1665946343456871400,0.424871337890625,-0.67576634118855,0.19498568874448538,-0.13610774864442646
1665946343466953500,0.434953369140625,-0.6844447376847267,0.010693827971816063,-0.5790310371853411
1665946343477035500,0.445035400390625,-0.9154875359773635,0.114481534704566,-0.8190849710598588
1665946343487117600,0.45511767578125,-1.1013134744495152,0.292235225880146,-1.1073289353467524
1665946343497199600,0.46519970703125,-0.9373013083785772,0.7851350629240273,-0.996452293266356
1665946343507281700,0.47528173828125,-0.21336334921717642,0.8826309760361909,-0.5565370274350047
1665946343517362700,0.48536279296875,0.76431673130095,0.5281991139620542,-0.512214120779559
1665946343527444500,0.495444580078125,1.0145996521145104,0.41522155407965183,-0.35660584511235355
1665946343537526500,0.505526611328125,1.2064029114305972,0.6097089379131794,-0.01183978313654661
1665946343547608600,0.515608642578125,1.556463134291768,1.0656862807512282,-0.11350319119170307
1665946343557690600,0.525690673828125,1.6764134557962416,1.257683601334691,-0.48910205219611524
1665946343567771400,0.535771484375,1.6743787350982426,1.2689210346639155,-0.7593450803682208
1665946343577853400,0.545853515625,1.34151748431921,1.0430302123069763,-1.1267793396174908
1665946343587935500,0.555935546875,0.9072206428915262,0.6349988619923591,-1.2551530599437652
1665946343598017500,0.566017578125,0.7118436167418957,0.607206599703431,-1.0876194417484104
1665946343608099600,0.576099609375,0.8821084134668111,1.0317647219270467,-0.8659571968719363
1665946343618180600,0.5861806640625,1.1306623185306788,1.767300179901719,-0.1055818966731429
1665946343628262400,0.596262451171875,1.2435697357863187,2.521404144746065,0.4834864042714238
1665946343638344400,0.606344482421875,1.2343868968993426,1.5942857922077178,-0.4508351576440036
1665946343648426500,0.616426513671875,0.5460597648233175,-0.7650859621077776,-1.1871135429404676
1665946343658508500,0.626508544921875,0.008728080856800078,-2.052043588721752,-0.25677958935648204
1665946343668589600,0.636589599609375,0.33817747736573217,-1.4367033669233322,-0.08485854985713959
1665946343678671600,0.646671630859375,0.5235188471913338,-0.45055151839703317,0.0023807576566934586
1665946343688753700,0.656753662109375,0.33296588019728657,0.22065087587684393,-0.0722244014725089
1665946343698835700,0.666835693359375,0.4570715678155422,0.7269935473397374,-0.03124123369902372
1665946343708917500,0.67691748046875,0.44777650072574615,0.8844996925175189,0.3497074639007449
1665946343718998500,0.68699853515625,-0.036757074511051174,0.9834428818285464,0.2889084195449948
1665946343729080300,0.697080322265625,-0.39950668307542797,0.5725464974716306,0.39955782874077556
1665946343739162400,0.707162353515625,-0.8356646421998739,-0.2550511581286788,0.6787699069187044
1665946343749244400,0.717244384765625,-1.3834528382509945,-0.8419047056332231,0.980089625877887
1665946343759326500,0.727326416015625,-1.7086580213189124,-1.3662202561601995,1.4244085334956644
1665946343769407500,0.737407470703125,-1.5382751511722803,-2.3826620290100573,2.101547916603088
1665946343779489500,0.747489501953125,-1.1385913579642772,-0.26873072391301395,1.1864932190850377
1665946343789571600,0.757571533203125,-1.4312380872547625,0.847456786802411,0.4536772492021322
1665946343799653600,0.767653564453125,-1.7348820113778114,0.27916648547053335,0.4412663881793618
1665946343809735400,0.7777353515625,-1.76858495901525,-0.3321446269422769,0.6891019158408045
1665946343819816700,0.787816650390625,-1.7086539296656846,-0.6016723464518785,1.016547571311891
1665946343829898500,0.7978984375,-1.7140309465289114,-0.654727060291171,0.9887447876289487
1665946343839980500,0.80798046875,-1.6677146010339259,-0.2978033814013004,0.8096702231131494
1665946343850062600,0.8180625,-1.750173688533902,0.10583850178271531,0.7365078101381659
1665946343860144600,0.82814453125,-1.8104343882292508,0.15650485918074844,0.7775801174998282
1665946343870225400,0.838225341796875,-1.6546230642706155,0.06382657548338175,0.8694408012039959
1665946343880307500,0.848307373046875,-1.4368436521768568,-0.5442164750441909,1.1790369117297232
1665946343890389500,0.858389404296875,-1.0814251171529292,-0.7156365792840719,1.2067851887464522
1665946343900471600,0.868471435546875,-0.7303729606449604,-0.4771075168892741,0.9494760225579142
1665946343910553300,0.87855322265625,-0.4967717100411653,-0.34436639513373374,0.9555874911755323
1665946343920635400,0.888635498046875,-0.40288054342269897,-0.12605536038130521,0.9056121847815811
1665946343930716400,0.89871630859375,-0.3867442321360111,0.03119944038391113,0.747902772116661
1665946343940798500,0.908798583984375,-0.3895990370452404,-0.03151128281205892,0.7119597904674708
1665946343950880500,0.918880615234375,-0.27876199632287024,-0.019905892953276633,0.6530052049346268
1665946343960962600,0.928962646484375,0.07314823831915855,0.04262333619594574,0.6706614192649721
1665946343971044600,0.939044677734375,0.3306342223793268,0.08371551730185747,0.6840415637113153
1665946343981125600,0.949125732421875,0.38029812473654745,-0.037756899203360075,0.6136807641535997
1665946343991207700,0.959207763671875,0.36047348032593723,-0.13244856854975223,0.44316023910194635
1665946344001289700,0.969289794921875,0.32963878160119053,-0.05573211635500192,0.4146699115462601
1665946344011371500,0.97937158203125,0.1731137564152479,0.07030775419622659,0.27527649229466916
1665946344021453600,0.98945361328125,-0.0870142665863037,0.2914791468158364,0.08868468401655555
1665946344031534300,0.999534423828125,-0.30855566156208514,0.3865753053098917,0.11449410192519426
1665946344041616400,1.009616455078125,-0.1472159295707941,0.24593378569334745,0.15772241827696562
1665946344051698400,1.019698486328125,0.13449965586066245,0.15658990711569784,0.26369959787800906
1665946344061780500,1.029780517578125,0.23893968902230261,0.19572335536926982,0.3100621206022799
1665946344071862500,1.039862548828125,0.24460253708958624,0.225661982037127,0.285827112403512
1665946344081943600,1.049943603515625,0.11692191359400748,0.25221213531047104,0.10112579404711723
1665946344092025600,1.060025634765625,-0.018599486529827118,0.24432313562631605,-0.10419365718513726
1665946344102107600,1.070107666015625,0.031740123131871224,0.026600422155857086,-0.1431160930365324
1665946344112189400,1.080189453125,-0.06799450881779194,-0.14028729935139417,-0.16548691479861735
1665946344122271500,1.090271484375,-0.10352058022916316,-0.005068097044527531,-0.14334727144390344
1665946344132352500,1.1003525390625,-0.10489946736693381,0.21456600300520656,-0.07804360914528369
1665946344142434600,1.1104345703125,-0.24506080225110052,0.12764087600708007,0.11094751535952091
1665946344152516600,1.1205166015625,-0.42917818323969836,0.10059534043222665,0.1786000788718462
1665946344162598700,1.1305986328125,-0.38373569796979423,0.29558249048143626,0.19002105207443237
1665946344172680700,1.1406806640625,-0.2663251240760088,0.2280389403015375,0.22942513396292924
1665946344182762500,1.150762451171875,-0.1491898599922657,-0.06957154887616634,0.2872080453678965
1665946344192843500,1.160843505859375,0.11611468886435031,-0.21439912200570105,0.24368396093994377
1665946344202925600,1.170925537109375,0.2779191157579422,-0.2556508775874972,0.17256167549043894
1665946344213007400,1.18100732421875,0.36547055796086786,-0.2091404708251357,0.09929361018389463
1665946344223089400,1.19108935546875,0.3073421941190958,-0.1845671705827117,0.09381079485863447
1665946344233170400,1.20117041015625,0.1186596971720457,-0.14993570992350577,0.1438417769625783
1665946344243252500,1.21125244140625,-0.1669312683880329,-0.2267480237081647,0.3071796970337629
1665946344253334500,1.22133447265625,-0.572417025873065,-0.1456862357854843,0.26968612494170663
1665946344263416600,1.23141650390625,-0.8978484189122915,-0.03192103265672922,0.14210720825493334
1665946344273498600,1.24149853515625,-0.9394833285927772,-0.012518120789527892,0.20860534103512762
1665946344283580400,1.251580322265625,-0.6749030023574829,-0.019713585251569746,0.39779169585108753
1665946344293661700,1.26166162109375,-0.38017069896459577,-0.06663841803371906,0.3973270009487867
1665946344303743500,1.271743408203125,-0.02223521268367767,-0.1678054208740592,0.3749336750939488
1665946344313825500,1.281825439453125,0.11944997076690196,-0.0661485886901617,0.14504443075060844
1665946344323907600,1.291907470703125,-0.13733224893808363,-0.059412558433413504,-0.19743688128888606
1665946344333989600,1.30198974609375,-0.41520752555429935,-0.33699469732195136,-0.16288462334573267
1665946344344070400,1.3120703125,-0.20488953538239002,-0.0903761442348361,0.23613018455952406
1665946344354152400,1.32215234375,-0.11915770982205867,0.2253399104759097,0.5396101502925157
1665946344364234500,1.332234375,-0.1922901660501957,-0.16961188577413558,0.5962374619215727
1665946344374317600,1.342317626953125,0.07717910127043724,-0.2828717697292566,0.28664076687395573
1665946344384399600,1.352399658203125,0.3164958069115877,-0.2926104889333248,-0.02049246066957712
1665946344394480600,1.362480712890625,0.2678010418474674,-0.4125137564256787,-0.31721593787968155
1665946344404562700,1.372562744140625,0.3670937752485275,-0.5825678330093622,-0.22527590532898903
1665946344414644700,1.382644775390625,0.35547289555966854,-0.5974512216255068,-0.13457856631577014
1665946344424726800,1.392726806640625,0.05346563272774219,-0.41386984720975156,-0.08019289613366126
1665946344434808600,1.40280859375,-0.14715163216292856,-0.3483633558154106,0.15859481719732282
1665946344444889600,1.4128896484375,-0.04710895717740059,-0.34655922900289293,0.3568295708656311
1665946344454971600,1.4229716796875,0.20948796908855438,-0.22111703208386896,0.24243717574924228
1665946344465053400,1.433053466796875,0.5234370141267776,-0.040294016465544695,0.21396189963221549
1665946344475135500,1.443135498046875,0.7408674666523933,0.19335808754265307,0.28495003730803725
1665946344485217500,1.453217529296875,0.5210708695173263,0.04576251100450754,0.24428864883482454
1665946344495298600,1.463298583984375,0.037139351826906204,-0.11027443840354681,-0.1865270724788308
1665946344505380600,1.473380615234375,-0.09929507148861884,-0.416196536591649,-0.38859833557009693
1665946344515462700,1.483462646484375,-0.12227379601597785,-0.49515112310200926,-0.4564499287858605
1665946344525544700,1.493544677734375,-0.21608196052610873,-0.4258817720428109,-0.18418898492008445
1665946344535626800,1.503626708984375,-0.347857159858942,-0.30378011772334573,0.03885433905124664
1665946344545708500,1.51370849609375,-0.5927116258829832,-0.49348348215073345,0.1971408209517598
1665946344555789800,1.523789794921875,-0.7582114001631737,-0.4872548168942332,0.2942778376236558
1665946344565871600,1.53387158203125,-0.7880056499242782,-0.4863201663926244,0.3348945101723075
1665946344575953700,1.54395361328125,-0.8490840957432985,-0.5669365486353636,0.2557484927430749
1665946344586035500,1.554035400390625,-0.877173879674077,-0.9587170213729143,0.5133116336926817
1665946344596117500,1.564117431640625,-0.4348497991353273,-1.589591496911645,0.9491858074396848
1665946344606198500,1.574198486328125,-0.011038695886731146,-2.014595901598036,1.4676988091677425
1665946344616280600,1.584280517578125,-0.2086193695604801,-1.9935960759282112,1.368705350974202
1665946344626362600,1.594362548828125,0.28143150779306886,-1.3457465001910924,1.6281734487622976
1665946344636444700,1.604444580078125,0.8827724303334951,0.1477788241505623,1.218494038979709
1665946344646526500,1.6145263671875,0.31830197955071926,0.927715441648662,0.9751821262225508
1665946344656607700,1.624607666015625,-0.8874509435385465,1.3115554767757653,1.0883546241551636
1665946344666689500,1.634689453125,-1.395660577917099,1.8039181382030247,1.1867898639440535
1665946344676771600,1.644771484375,-0.9170897104769945,2.3550687964245673,1.58148768543303
1665946344686853600,1.654853515625,-1.5355273137688636,3.1856337773978707,2.324552954390645
1665946344696935700,1.664935791015625,-2.44420283164382,3.5949560443058606,3.1399896320760248
1665946344707016700,1.6750166015625,-2.847157024824619,3.327221053431928,4.060976349991559
1665946344717098800,1.6850986328125,-1.8562211568921803,3.09969561561048,4.033397438192368
1665946344727180800,1.695180908203125,-0.7074497656971216,3.361436626766622,3.058156567519903
1665946344737262600,1.7052626953125,0.5417465777993202,3.427569433365762,2.3057395328491923
1665946344747344400,1.715344482421875,1.0441057325839995,3.290340937063098,1.535791517663002
1665946344757425700,1.72542578125,1.180242926518619,2.9844159162655473,0.8219114266574382
1665946344767507500,1.735507568359375,1.2422373181387782,2.3665534825131296,0.5351496637523174
1665946344777589500,1.745589599609375,1.2164189862713217,2.0758593485951424,0.49974634193778034
1665946344787671600,1.755671630859375,1.1113223888970911,2.284145540678501,0.40122342386543747
1665946344797753600,1.765753662109375,1.1336124005079269,2.351925237701833,0.6262368788659572
1665946344807834600,1.775834716796875,1.211488690262288,2.185426515512168,1.0069359856188296
1665946344817916700,1.785916748046875,1.285315704625845,1.9676137856706977,0.7648702735304832
1665946344827998700,1.795998779296875,1.4803040237188339,1.7425623367473482,0.30493454845547674
1665946344838080800,1.806080810546875,1.3520616746872662,1.59011318269819,0.0880383489370346
1665946344848162600,1.81616259765625,1.1577807001460343,1.4052368000358342,0.3615606910407543
1665946344858244600,1.82624462890625,1.0095273172862826,1.2827581290975212,0.5644008926779032
1665946344868326700,1.83632666015625,0.8278970038730651,0.9263941299170255,1.0096335541397332
1665946344878407700,1.84640771484375,0.5534487790960818,0.4076461503893137,2.0206302133262155
1665946344888489700,1.85648974609375,-0.014239537754654884,-0.14798399133384227,2.753169996616244
1665946344898571500,1.866571533203125,-1.1102245106577873,-0.3662599547728896,2.6556319979280234
1665946344908653600,1.876653564453125,-1.2501046905130146,0.04835018941015005,2.477301968169212
1665946344918735600,1.886735595703125,-0.9302414529949427,0.04514233327955007,2.1575497898101808
1665946344928816600,1.896816650390625,-1.7522727066397665,-0.5005725636288524,1.7247101614534854
1665946344938898700,1.906898681640625,-1.8657097007274626,-0.8263266127511858,1.6422978357046842
1665946344948980500,1.91698046875,-0.045384654135443264,-0.6394093719109892,1.311138128146529
1665946344959062500,1.9270625,0.8615034323334694,-0.3498039100125432,1.0194593671053647
1665946344969144600,1.93714453125,-0.5663291573267429,-0.38807518847882744,0.4416425280153751
1665946344979225600,1.9472255859375,-1.1846715566158295,-0.17276158197671174,-0.9273451470315456
1665946344989307600,1.9573076171875,-1.2419099858805536,0.06253799697756766,-2.2704127834022043
1665946344999389700,1.9673896484375,-1.654979184231907,0.4452306156352162,-3.8142046521693467
1665946345009471700,1.9774716796875,-2.040013105318695,-1.7222388029038904,-5.058987270876765
1665946345019553500,1.987553466796875,0.8482416535697876,-11.39512915175557,-3.5683056455284357
1665946345029634800,1.997634765625,5.920823296165466,-13.963996473944187,-2.3189643406033515
1665946345039716600,2.007716552734375,5.649207664465904,-11.560066031455992,-1.6677935114890337
1665946345049798400,2.01779833984375,2.559861008912325,-7.577371775540709,-0.32578269069492816
1665946345059880400,2.02788037109375,0.13719459403306244,-1.9907512078911065,-0.410569928881526
1665946345069962500,2.03796240234375,-0.17146598920822143,1.8079203595817088,-2.3522470170021057
1665946345080043500,2.04804345703125,2.2286770436957477,3.8860076133593915,-3.879032805910706
1665946345090125600,2.05812548828125,1.217507366029918,4.50893112989366,-5.148699105983972
1665946345100207600,2.06820751953125,-0.5859595212742686,6.556788957363366,-6.638384706032276
1665946345110289700,2.07828955078125,-1.363992643238604,7.486107450294494,-9.615527124163508
1665946345120371500,2.088371337890625,-1.2542504120156168,4.724268409532308,-6.377165380662679
1665946345130452700,2.09845263671875,1.0921981478407978,2.0140566801548,-4.385383076158166
1665946345140534500,2.108534423828125,-0.1969336079418659,0.3892980082720518,-1.6531208430141209
1665946345150616600,2.118616455078125,-1.4600845347717404,0.48887598835527896,0.7310732178688049
1665946345160698600,2.12869873046875,-2.7397408984616396,-0.5048194074183702,1.7131360435158014
1665946345170780700,2.13878076171875,-3.5474215551927686,-0.5195931981801987,0.742895173087716
1665946345180861700,2.14886181640625,-3.9656855457082387,1.4642629895001649,-2.9114059173732993
1665946345190943700,2.15894384765625,-0.29717589715272186,3.536249296054244,-2.942712909784913
1665946345201025800,2.16902587890625,-0.4338169489562511,1.1749264076709747,-2.1396493914604187
1665946345211107600,2.179107666015625,-3.5678821594193577,-1.3590116399556398,-1.9506360551238058
1665946345221188600,2.189188720703125,-3.3138287801563737,-2.1279963630676266,-0.9578677110671997
1665946345231270700,2.199270751953125,-4.405964968676865,-2.807447530248761,-1.2185212192475796
1665946345241352400,2.2093525390625,-5.094973361015319,-2.238425407510996,-1.7375760727673768
1665946345251434500,2.2194345703125,-4.784311667084694,-0.6915583690822124,-2.711863588237762
1665946345261515500,2.229515625,-5.290396564394236,0.6103010585874319,-3.491410037374496
1665946345271597600,2.23959765625,-4.862309099000692,1.9489707522600888,-3.7818975428044794
1665946345281679600,2.2496796875,-3.4287492908000945,3.3382442594885826,-3.861118671296537
1665946345291761700,2.25976171875,0.2910723195806145,3.95722605265975,-2.0548528009235856
1665946345301843700,2.26984375,2.536943366922438,4.246124827593564,1.309772977273166
1665946345311924700,2.2799248046875,-0.18905892904400826,2.249697327631712,4.4469156954854725
1665946345322006800,2.2900068359375,-1.4636676539555191,0.40699616204798217,7.421264098984002
1665946345332088800,2.3000888671875,5.635892255818844,-1.5076087947517633,3.776049985820055
1665946345342170600,2.310170654296875,8.285204987597465,-2.405795067316294,0.9076759854435921
1665946345352252700,2.320252685546875,3.315938027395308,-3.415615083938837,1.0668386656567455
1665946345362333400,2.33033349609375,-0.7136494971200823,-1.2676993839144706,0.3536047636002302
1665946345372415700,2.340415771484375,-0.46009237694144245,2.5690017622232437,-0.8304811020821332
1665946345382497800,2.350497802734375,1.2170081843361258,4.956712306794524,-2.603897134515643
1665946345392579800,2.360579833984375,1.3307998370803893,5.391231266540289,-3.7812285575017333
1665946345402660900,2.370660888671875,-0.0023509470403194426,6.077007545089721,-4.5602124043196435
1665946345412742700,2.38074267578125,-1.5893968511223793,5.845529862511158,-4.172926028130949
1665946345422824700,2.39082470703125,-7.366499658617377,3.3828076238363978,-2.0839782115124166
1665946345432906800,2.40090673828125,-15.08716814445853,-0.6982581589818,1.3288701841920614
1665946345442988500,2.410988525390625,-11.62976675966978,-1.866102499437332,2.5574454722031947
1665946345453069600,2.421069580078125,-1.4468015670895575,0.8613309983760118,2.1174302531287075
1665946345463151600,2.431151611328125,4.3342748202115295,2.763223188596964,3.230263192719221
1665946345473233700,2.441233642578125,6.73815616286099,2.133316681307554,4.764043370559811
1665946345483315700,2.451315673828125,4.772932779458165,-0.6956687270104884,5.230497099226713
1665946345493396700,2.461396728515625,-0.01976151604652405,-4.4740854419618845,4.73493301140964
1665946345503478800,2.471478759765625,-6.4163838768512,-7.409436883068084,3.4809003337979316
1665946345513560800,2.481560791015625,-8.78986540506184,-7.358050394701957,0.8455144205629825
1665946345523643000,2.491642822265625,-6.180110776689649,-5.860395423209667,-2.0379330841742456
1665946345533724700,2.501724609375,-2.530605688333511,-4.432329536250234,-4.27862132205069
1665946345543806000,2.511805908203125,0.08900354070737958,-3.414609121766686,-5.277292168149351
1665946345553887700,2.5218876953125,1.415094907835871,-2.5027029514074326,-3.765283092612028
1665946345563969500,2.531969482421875,2.3431027565598486,-0.8664975873589515,-0.5680263896986841
1665946345574051600,2.542051513671875,2.717725173747539,0.2624731248229742,1.3129412320457399
1665946345584132600,2.552132568359375,1.92106801533401,0.7829670712351798,1.7405460284888743
1665946345594214700,2.562214599609375,-0.01796235767006874,6.650384940427541,-0.3870575358688831
1665946345604296700,2.572296630859375,1.2963223979391156,22.13349418443441,-5.290994530287385
1665946345614378800,2.582378662109375,-3.435520100109279,15.652781920057535,3.640468964463472
1665946345624460800,2.592460693359375,1.0979553961932658,14.781733245265483,2.763860317456722
1665946345634541800,2.602541748046875,1.7025839621022343,12.006070261812209,2.256131890723854
1665946345644624000,2.612623779296875,-0.8423430970504879,7.842986120998859,2.2818739424847063
1665946345654705700,2.62270556640625,-2.0902920708343387,4.796799977257847,0.8436619245640933
1665946345664787700,2.63278759765625,-3.5521477069318292,2.6111329309880733,-0.6149395320430397
1665946345674868700,2.64286865234375,-3.53475496584326,1.8418290589243171,-1.2930777169294654
1665946345684950800,2.65295068359375,-3.226075970162451,-0.2782750895887613,-0.8247427045606076
1665946345695032800,2.66303271484375,-0.13843757983148097,1.0574819315075874,-0.4098936370551586
1665946345705115000,2.673114990234375,1.5762299110352993,1.9922604434102773,-0.18182342483252287
1665946345715195600,2.683195556640625,2.097201411831379,0.24772154589295386,0.4442603092983365
1665946345725277700,2.693277587890625,2.3759292136237025,-4.266503598755598,-0.46766675771847366
1665946345735359700,2.70335986328125,2.9834897413313386,-29.390375530469417,-7.5159847021639345
1665946345745441800,2.71344189453125,2.3466093033760784,-27.627887719285486,-11.678701763230562
1665946345755523600,2.723523681640625,-0.41690877651423214,-0.8923521595835685,-8.083567147487402
1665946345765604600,2.7336044921875,-3.0838892669305205,-2.8686329435735938,-2.1131582748979327
1665946345775686700,2.743686767578125,-2.354602055695653,-4.123278200125694,1.379194304023683
1665946345785768700,2.753768798828125,-1.844597354593873,-2.676324657344818,3.6605040367543693
1665946345795850800,2.763850830078125,-0.6791478003203868,0.7186322539687157,4.322326316003501
1665946345805931800,2.773931884765625,-0.1996270848095417,5.25012300619483,6.880388458800315
1665946345816013800,2.784013916015625,-2.4747838478684425,-6.213766378054022,5.601525875836611
1665946345826095900,2.794095947265625,-0.345364612390846,-4.370607531830668,0.5486293230503797
1665946345836178000,2.804177978515625,0.14213818791508673,-3.415437389284372,-0.559583847784996
1665946345846259700,2.814259765625,1.113746255043149,2.0229560259252786,-4.275542937518656
1665946345856340700,2.8243408203125,0.28788068393245336,5.547842216444015,-2.5510338515952227
1665946345866422500,2.834422607421875,-0.06032382805943489,4.167126694202423,-0.9317486426874995
1665946345876504600,2.844504638671875,-1.7303060817643998,3.099055564141273,-0.9501184121146797
1665946345886586600,2.854586669921875,-2.9250469047129153,2.361056930923462,-1.5205328659936785
1665946345896667600,2.864667724609375,-2.477889997190237,1.101950018787384,-2.209095560391247
1665946345906749700,2.874749755859375,-2.170691010934114,0.7333762341141701,-2.0183099536851046
1665946345916831700,2.884831787109375,-1.8848015008188783,0.010517302361130713,-1.0016603833034634
1665946345926913800,2.894913818359375,-1.8644446492277085,-0.22579729885458946,-1.9733231032282113
1665946345936994800,2.904994873046875,-1.9234009883262215,-0.6112438923954964,-1.8151833363220096
1665946345947076900,2.915076904296875,-1.2393186542131005,-0.05669043999314308,-1.7011080443307756
1665946345957159000,2.925158935546875,-0.8891009027026593,-0.3212362794369459,-0.9686839963749051
1665946345967240700,2.93524072265625,-0.5405332564868033,-0.11046645384430885,-1.3852858988970518
1665946345977321700,2.94532177734375,-1.0770863572962581,-0.3546142329037189,-1.0514352717544884
1665946345987403500,2.955403564453125,-1.002928649673611,-0.4207856179475784,-0.6557405481826514
1665946345997485600,2.965485595703125,-0.581453880418092,0.2990799772083759,-1.1653080269109457
1665946346007567600,2.975567626953125,-0.2295727257400751,1.0055448235213755,-0.9147229813456534
1665946346017649700,2.985649658203125,0.3018517800092697,0.052449149161577224,0.7493971023276448
1665946346027730700,2.995730712890625,0.8174253672845662,1.0696820723891258,-0.2746712929431349
1665946346037812700,3.005812744140625,0.34206264823600646,1.3964929370880126,-0.4644373473431915
1665946346047894800,3.015894775390625,0.5050738205708563,0.5293289947748184,-0.48244573611207303
1665946346057976800,3.025976806640625,1.2908337373949588,0.8861047896265983,-0.8927044070873409
1665946346068057900,3.036057861328125,1.3900129274189472,-0.5758043302237987,0.5270210100933909
1665946346078140000,3.046139892578125,1.6744868716478347,-0.8454740885525941,0.49571694029122587
1665946346088221700,3.0562216796875,2.283989619464427,-0.8845119674772024,0.492224933457002
1665946346098303700,3.0663037109375,2.333172460306436,-1.0596025769233703,0.8179385775037109
1665946346108384800,3.076384765625,2.3002935424029824,-1.053797105515003,0.8166179964244366
1665946346118466600,3.086466552734375,1.5112193864643573,-0.8817407491981982,0.785989926187694
1665946346128547600,3.096547607421875,1.2084259416908025,-0.02576923202872276,0.5461152944028377
1665946346138629600,3.106629638671875,0.7454859202332794,-1.2815601514846087,1.649722725008428
1665946346148711700,3.116711669921875,0.5406371552526951,-2.7639281219959257,1.9420526434347032
1665946346158793700,3.126793701171875,0.5049263749241829,-2.7021652010440826,0.978428853058815
1665946346168874800,3.136874755859375,0.8503285428464412,-2.766853654053807,0.010669278052449226
1665946346178956800,3.146956787109375,1.2809225842334329,-2.480388828268647,-0.9287238149736076
1665946346189038800,3.157038818359375,1.2727344554722309,-1.8203338509529827,-1.6274319827452302
1665946346199120600,3.16712060546875,1.4110814344108105,-1.1944962005376816,-1.593140129303932
1665946346209202700,3.17720263671875,1.8314748381704091,-0.5518149673491716,-1.1386337358012795
1665946346219283700,3.18728369140625,2.1389631627619266,-0.1364239019215107,-0.7615592492863535
1665946346229365800,3.19736572265625,1.848101563322544,0.26929274170994755,-0.599116232228279
1665946346239447800,3.20744775390625,1.238195203141123,1.5105997932612896,-1.064141170201078
1665946346249529900,3.21752978515625,0.5037934253714978,1.9200491936802864,-0.3440825366910547
1665946346259610600,3.227610595703125,-0.530978515547514,0.7346358787864447,1.2242349207192658
1665946346269692700,3.237692626953125,-0.4808545213978737,0.6076391459017991,0.6596387246649712
1665946346279774700,3.247774658203125,-0.10416121622025966,0.3009539543867111,-0.07370470315814018
1665946346289856800,3.257856689453125,-0.2691699921131134,0.1194920563429594,-0.8679472016453742
1665946346299937800,3.267937744140625,-0.4375128808647394,0.1380354287713766,-1.592627211345732
1665946346310019800,3.278019775390625,-0.4118985471367836,-0.4384048612684011,-1.6787351767420768
1665946346320101600,3.2881015625,-0.4037524308864027,-0.8412526714652776,-1.3647269488625227
1665946346330183700,3.29818359375,-0.26255437336564064,-1.0703051727235318,-1.096272849933803
1665946346340264700,3.3082646484375,-0.1723421875208616,-1.191761222615838,-0.9532949963241815
1665946346350346800,3.3183466796875,-0.24513518266156314,-1.1391092443585396,-0.7897836924474686
1665946346360428800,3.3284287109375,-0.4884381814599037,-0.9644459204137324,-0.6262319104298949
1665946346370510800,3.3385107421875,-0.5857131452977657,-0.866552532416582,-0.5833183591157197
1665946346380590000,3.348590087890625,-0.5956960485212505,-0.9067904347807169,-0.6132016753997653
1665946346390672100,3.358672119140625,-0.4902326636612415,-1.3253127839714287,-0.33292803240492935
1665946346400754200,3.368754150390625,-0.04451353385671973,-1.9263035778999327,-0.16086743830442427
1665946346410836200,3.378836181640625,0.4182809416502714,-2.1883879956662655,-0.17215061047151684
1665946346420917200,3.388917236328125,0.532387359432131,-2.0003151550501586,-0.17477292179912327
1665946346430999300,3.398999267578125,0.7186879296787083,-1.7207839279204606,-0.3710091220613569
1665946346441081300,3.409081298828125,0.8528351188398897,-1.604638259395957,-0.8919237050384282
1665946346451163400,3.419163330078125,0.30380306020751596,-1.4308803598582744,-1.3619396562315522
1665946346461244400,3.429244384765625,-0.21978315313160418,-1.2899492096453904,-1.7908835923239588
1665946346471326500,3.439326416015625,-0.40516368592381474,-1.6047943267405032,-2.3106879490368066
1665946346481408300,3.449408203125,-0.39719416834935545,-2.038136059400439,-3.5159149485558268
1665946346491490300,3.459490234375,-0.1746960571706295,-3.1783330989956853,-2.8447210298493504
1665946346501571000,3.469571044921875,0.1105944641381502,-4.1343128043591975,-1.4908753943547606
1665946346511653000,3.479653076171875,0.4878092359066009,-4.699869881334901,-0.38426790515035386
1665946346521735200,3.489735107421875,1.2011597500801086,-5.3702533604413265,0.23296119913458824
1665946346531817200,3.499817138671875,1.1265789947398006,-4.096479040527344,0.33852307593300934
1665946346541899300,3.509899169921875,1.2802533066697417,-1.6663187627613543,-0.21581366497874258
1665946346551980300,3.519980224609375,1.9814510262347758,0.13646306488811968,-0.7777008212700486
1665946346562062300,3.530062255859375,2.6586475463569164,-0.12027297758758067,-1.039499992354214
1665946346572144400,3.540144287109375,2.5811463735252618,-1.9100322420567273,-0.7509734117336571
1665946346582226200,3.55022607421875,2.4135633632302285,-1.6653244910269975,-0.2951939295552671
1665946346592307500,3.560307373046875,2.1646891401708124,-1.2052800448805092,0.14497428812384605
1665946346602389200,3.57038916015625,1.3423990894593298,-0.6222650526255369,0.44352410397827624
1665946346612471300,3.58047119140625,0.20637085998132823,0.8685486746698617,0.24274668008983133
1665946346622553300,3.59055322265625,-0.7141399109855294,3.9098534761101007,-0.8343360239446163
1665946346632634000,3.600634033203125,-0.8435987962000071,4.9732835023671385,0.099216453294456
1665946346642716200,3.610716064453125,-1.0566951650440692,4.761178044256567,1.408640763260424
1665946346652798200,3.620798095703125,-1.2449831097155808,4.8352632711648935,0.7124366141989826
1665946346662880300,3.63088037109375,-0.8691600845664739,4.549213455921412,0.37566841910928483
1665946346672961300,3.640961181640625,-0.4536214273616671,5.023628957247734,0.856373375968635
1665946346683043300,3.651043212890625,-0.5470370854228734,6.3674126329332585,-0.5526750913098454
1665946346693125000,3.661125,-0.7521244814649224,6.834811533495784,-1.5268375190958379
1665946346703207200,3.671207275390625,-0.6597340747982263,6.5406035462379455,-1.5485416936427354
1665946346713288200,3.6812880859375,-0.4814119360849261,4.9581525687307115,-1.0926569975242018
1665946346723370200,3.691370361328125,-0.49369639424905176,4.317856184852123,-0.7345435243278742
1665946346733452300,3.701452392578125,-0.5246519428744911,5.285858920964598,-0.41909956455677744
1665946346743534300,3.711534423828125,-0.30445524050593376,6.122663965371251,-0.20333704524338245
1665946346753615400,3.721615478515625,-0.03208309135064483,6.560189705717563,-0.07538198872059583
1665946346763697400,3.731697509765625,0.07446808874607086,6.554999151337146,0.1617541580110788
1665946346773779200,3.741779296875,0.03106646165400743,5.720049379408359,0.5935565522745251
1665946346783861200,3.751861328125,-0.14267477900981904,3.730896254363656,1.2119383337259293
1665946346793942300,3.7619423828125,-0.22716303424984216,0.9092559481114149,2.0412109368011353
1665946346804024300,3.7720244140625,-0.2485825466364622,-1.7922177635371683,2.767904332150519
1665946346814106000,3.782106201171875,-0.7976518685393035,-5.253333200412988,3.6589229050427674
1665946346824188200,3.792188232421875,-0.8815459572784602,-8.721940454348921,3.8919790889844297
1665946346834269200,3.802269287109375,-0.16124533170610666,-10.651989063996076,3.4546529628634453
1665946346844351200,3.812351318359375,0.7388420983046293,-11.24014901792407,2.0726343951992687
1665946346854433300,3.822433349609375,1.5542951426029203,-7.867773356252909,-0.1092192302621901
1665946346864515300,3.832515380859375,0.4775599368318915,-3.604778642401099,-2.2262737819463014
1665946346874597400,3.842597412109375,-0.3545329843610525,1.0447773482352494,-2.8581612339198585
1665946346884678400,3.852678466796875,0.45120355256497857,2.8185709818094966,-3.888552329406142
1665946346894760400,3.862760498046875,0.7162839372768998,2.2116706715762615,-2.998927548959851
1665946346904842500,3.872842529296875,0.3422849126845598,1.744970274671912,-1.1509130793988704
1665946346914924300,3.88292431640625,0.6556105651274323,0.6789519854873418,0.5851739238545298
1665946346925005300,3.89300537109375,1.0880287532016635,-0.15431027174592019,0.6520392825119197
1665946346935087000,3.903087158203125,1.3586559583857656,-0.3057031947404146,0.5407881080307066
1665946346945169200,3.913169189453125,1.5290207083538174,-0.5140525151878595,1.1938491348057985
1665946346955251200,3.923251220703125,1.221651333966851,-0.7378343825668097,2.0351666882008312
1665946346965332200,3.933332275390625,0.7122872688561678,-0.33693244574069975,2.137349297824502
1665946346975414300,3.943414306640625,0.11834113274216651,0.36861703929305073,1.669167430190742
1665946346985496300,3.953496337890625,-0.29724253264814615,0.8926812454074621,0.7686236347146331
1665946346995578400,3.963578369140625,-0.5644613906934857,1.0093296027570962,-0.15366525184065102
1665946347005659400,3.973659423828125,-0.9179983497545122,0.7692968578010797,-0.07158420387282967
1665946347015741400,3.983741455078125,-0.7922711984142661,0.3314531375467777,0.6168314832694828
1665946347025823200,3.9938232421875,-0.12020868017971514,0.12176350840628146,0.6565441927157342
1665946347035905300,4.0039052734375,-0.08685527663230895,0.2710638430356979,0.8784053211651742
1665946347045986000,4.013986083984375,-0.12591156799644232,0.42677346018552775,1.1949886602297424
1665946347056068000,4.024068115234375,-0.1821376053482294,0.1348117905497551,1.5989005925267934
1665946347066150100,4.034150146484375,0.5383692103207111,0.4732780217289924,1.7656988821849227
1665946347076232200,4.044232177734375,-0.5239075542479753,1.0107651885181665,1.8950731578558682
1665946347086313200,4.054313232421875,-1.0587094274759292,1.0537550199389456,1.9676972261704504
1665946347096395300,4.064395263671875,-0.7795125468671321,1.0784352876871823,1.7543538968279957
1665946347106477300,4.074477294921875,-0.5521808780521154,1.0741355446666478,1.4810770539179443
1665946347116559400,4.084559326171875,-0.32653672393262384,1.018412488400936,1.1761749464273452
1665946347126641200,4.09464111328125,-0.038320378305017944,0.8898954140812158,0.8034586551219225
1665946347136722400,4.104722412109375,0.29378946958482266,1.0261217476040125,0.43446518373191356
1665946347146804200,4.11480419921875,0.3261164526939392,1.1287971091806888,0.09837415725141763
1665946347156886300,4.12488623046875,0.18350100265592337,0.8270078730136156,-0.023997838442027568
1665946347166968300,4.13496826171875,0.004350304163992405,0.5706763196855783,-0.027979163163155317
1665946347177049000,4.145049072265625,-0.11596154412925243,0.41003041517734523,-0.06322159532755613
1665946347187131100,4.155131103515625,-0.16658464690744876,0.46272798614203925,-0.2799351317554712
1665946347197213200,4.165213134765625,-0.3280599879771471,0.7290957803159952,-0.7080202590614557
1665946347207295200,4.175295166015625,-0.5038526082128286,0.8317471764951944,-0.9046509385339915
1665946347217376300,4.185376220703125,-0.4269423870116472,0.9822720844835042,-1.0376268919587135
1665946347227458300,4.195458251953125,-0.2943336594641208,1.2845493964284658,-1.0818252223864198
1665946347237540400,4.205540283203125,-0.14629355402886868,1.4114321475446223,-1.040304294474423
1665946347247622100,4.2156220703125,-0.1046913775742054,1.4469874450504778,-1.1194874290436505
1665946347257703400,4.225703369140625,0.07687631893157959,1.1806313413143157,-0.9905267026096581
1665946347267785200,4.23578515625,0.10666180086433887,1.0769564473062754,-0.8720978915840387
1665946347277867300,4.2458671875,0.16548165410161017,1.186546702837944,-0.7774107522822916
1665946347287949300,4.25594921875,0.16500351519584655,1.2696955261677503,-0.778549693184346
1665946347298030300,4.2660302734375,0.0963736310839653,1.3028817564547062,-0.9339357774682342
1665946347308112400,4.2761123046875,-0.12676701578199862,1.3559201036810875,-1.010029567719996
1665946347318194400,4.2861943359375,-0.15983692621290682,1.3500807300031183,-1.1881290035933256
1665946347328276200,4.296276123046875,-0.03159808431267738,1.0907535019904375,-1.300623163872957
1665946347338358300,4.306358154296875,0.23980478141903877,0.6886597250312566,-1.3248143329299986
1665946347348439300,4.316439208984375,0.30905601229965685,0.29373218643963334,-1.1937671556107698
1665946347358521300,4.326521240234375,0.3019423809021711,0.03020166151821613,-1.0700604041822255
1665946347368603100,4.33660302734375,0.4798094693243503,0.011039864930510521,-0.9532270456545054
1665946347378686700,4.346686767578125,0.5659165579378604,0.28722295067608355,-0.9425057451538741
1665946347388767700,4.356767822265625,0.3206166862338781,0.687077424275875,-0.9364489293329418
1665946347398849500,4.366849609375,0.046858781808614726,0.8382032207667827,-1.0241931176289916
1665946347408931600,4.376931640625,0.14240472989678382,0.9045143065422773,-1.0435882845811546
1665946347419013400,4.387013427734375,0.712775344634056,0.9368921430557966,-1.081389022926241
1665946347429094700,4.3970947265625,0.7353688692361116,0.8737176017403602,-1.1459988577418028
1665946347439176400,4.407176513671875,0.2462824530005455,0.6534720917940139,-1.0551469126887618
1665946347449258500,4.417258544921875,0.04011807537674904,0.37607553860545156,-0.9981519367910922
1665946347459340500,4.427340576171875,-0.20745909360945222,0.2913771477460861,-0.894267491685599
1665946347469421600,4.437421630859375,-0.5279261422395706,-0.04233399786055088,-0.6518358688943088
1665946347479503600,4.447503662109375,-0.23390870911777017,-0.2599807234853506,-0.3302358707115054
1665946347489585700,4.457585693359375,0.38438977796435353,-0.27128479230999947,-0.13662439292967318
1665946347499667700,4.467667724609375,0.018875380861759185,-0.23339432985484598,0.17584814981520175
1665946347509748700,4.477748779296875,-0.15569149697124957,-0.12838204976320267,0.4550079132840037
1665946347519830800,4.487830810546875,-0.1865337944805622,0.0878027866154909,0.6074357322841882
1665946347529912800,4.497912841796875,-0.17990706981718538,0.18928046284019945,0.600190583461523
1665946347539994600,4.50799462890625,0.5222206240743399,0.12594751609265803,0.4386788559041917
1665946347550075600,4.51807568359375,0.2571048757880926,0.05462240154743194,0.1745407204784453
1665946347560157400,4.528157470703125,-0.3550537933647632,-0.050128889520466326,0.34097879852205515
1665946347570239500,4.538239501953125,0.19634791700839996,-0.11221388203352689,0.321720117431134
1665946347580321500,4.548321533203125,0.6804319949120283,0.37687545681148765,0.4053260368786752
1665946347590402600,4.558402587890625,0.5905506484568118,0.31220716980695723,0.31774376114606856
1665946347600484600,4.568484619140625,1.2813134832471609,0.750340228396654,-0.08761208634898066
1665946347610566700,4.578566650390625,0.35152795732617376,0.9579150573402643,0.2511241939432919
1665946347620648700,4.588648681640625,0.828458071821928,0.79498688711375,0.14189736489653587
1665946347630729700,4.598729736328125,0.9290513664275407,0.8478776425629854,-0.08179930841699243
1665946347640811800,4.608811767578125,0.703497228679061,0.8005646872460842,-0.059194531768560404
1665946347650893600,4.6188935546875,0.4719306987732649,-0.05858633674234152,-0.5109967808790504
1665946347660975600,4.6289755859375,0.47618777169585225,0.24059710084050892,-0.33102190652266145
1665946347671056400,4.639056396484375,0.30376199754476546,0.24332652580440042,-0.3882069981649518
1665946347681138400,4.649138427734375,0.3972884225040674,0.2657069921776652,-0.46229777803122996
1665946347691220500,4.659220458984375,0.6193640704870224,0.4887947398126125,-0.35789047809541225
1665946347701301500,4.669301513671875,0.6874842515110969,0.3710436819180846,-0.3823489197865128
1665946347711383600,4.679383544921875,0.6587468173265457,0.6447405038058758,-0.15500468375086784
1665946347721465600,4.689465576171875,0.5878180086225271,0.6611006869763135,-0.045175212635844945
1665946347731547600,4.699547607421875,0.3574287058025598,0.5764807681806385,-0.29549028215333817
1665946347741628700,4.709628662109375,0.017456746235489845,0.6353228332497179,-0.4168181756213307
1665946347751710700,4.719710693359375,-0.3800783445060253,0.6421164389126003,-0.6594675328165293
1665946347761792800,4.729792724609375,-1.0579027872681617,0.9396979942567646,-0.6458474421344698
1665946347771874600,4.73987451171875,-2.0494126556962726,1.210404986678809,-0.3918007118079811
1665946347781955800,4.749955810546875,-3.0451807660907506,1.2904745486937463,-0.16574322764724492
1665946347792037400,4.760037353515625,-3.8160195926368234,1.3395270411543547,0.18923896178603172
1665946347802119400,4.770119384765625,-4.2526597823202605,1.0056654542263597,0.5166260189376771
1665946347812201500,4.780201416015625,-4.806556816640496,0.541913897190243,0.40924591373614966
1665946347822282500,4.790282470703125,-4.785718611273169,-0.5569488231062889,0.4692110645510256
1665946347832364500,4.800364501953125,-4.100780537113547,-1.5110960523456334,0.7323096277959644
1665946347842446600,4.810446533203125,-3.4351299317479134,-1.14855000352934,1.0093947769477962
1665946347852528600,4.820528564453125,-3.8360231007456775,0.5555085611701012,0.9615237493567168
1665946347862609700,4.830609619140625,-4.681739181360602,2.2150215894393623,0.6820373842820525
1665946347872691700,4.840691650390625,-3.62049935862422,1.1534811763212085,1.085199594190344
1665946347882773800,4.850773681640625,-2.9236908139288422,0.8901364562954753,1.0736668311763553
1665946347892855600,4.86085546875,-2.6946640316337347,1.017806704527512,0.6309199221156537
1665946347902936600,4.8709365234375,-2.7564742988586426,0.9618127954311668,0.3178961021635681
1665946347913018600,4.8810185546875,-2.6241350359022615,1.1208900623831897,0.03717656029844656
1665946347923100700,4.8911005859375,-2.122411840933561,1.172226062671095,-0.03125573714841157
1665946347933182700,4.9011826171875,-1.4324778581827877,0.9167207310341298,0.011316782175749539
1665946347943264800,4.9112646484375,-1.017839656949043,0.8109472573116421,-0.12152955351993441
1665946347953345500,4.921345458984375,-0.5385007277458906,0.8642024621590971,-0.3917035350438207
1665946347963427600,4.931427490234375,-0.11359481499791145,0.935338630003482,-0.6383407197661698
1665946347973509600,4.941509521484375,0.18715631029307842,0.8992670535385608,-0.7630646123480052
1665946347983591700,4.951591796875,0.3813777366667986,0.8491904787272214,-0.7708388996113091
1665946347993672700,4.961672607421875,0.2593658064574003,0.8241952998109161,-0.8022000333629548
1665946348003754500,4.97175439453125,0.03501052310466766,0.7256351184681058,-0.739239865450561
1665946348013836500,4.98183642578125,-0.25810148561000823,0.6985536347970366,-0.7223892684146761
1665946348023918600,4.991918701171875,-0.48497547378540035,0.6083411566913127,-0.8288752743206917
1665946348033999600,5.00199951171875,-0.26307985854446886,0.49431058062463995,-0.6896976897768676
1665946348044081700,5.01208154296875,0.01547580155134201,0.4988109607838094,-0.4852173197172582
1665946348054163700,5.022163818359375,-0.05625555570721626,0.62128466328606,-0.32042057913988825
1665946348064245800,5.032245849609375,-0.04323299252688884,0.7831149552732706,-0.15737725810110567
1665946348074326500,5.042326416015625,-0.021488778230547904,0.9756411220364272,0.01701419009976089
1665946348084408600,5.05240869140625,-0.1720195314377546,1.1496670979257673,0.13162592705525458
1665946348094490600,5.06249072265625,-0.2615291219711304,1.197313669111207,0.20133418098837136
1665946348104572400,5.072572509765625,-0.14784662868976592,1.1164412662807852,0.24363456884026527
1665946348114653700,5.08265380859375,0.008006196323037148,1.1082459040611983,0.26152495725266633
1665946348124735500,5.092735595703125,0.21640870826244352,1.0840532736994326,0.28205380440987643
1665946348134817500,5.102817626953125,0.11623217776417731,1.0255855218354613,0.30563254065699874
1665946348144899600,5.112899658203125,-0.0603144757091999,0.8779818350560963,0.29173049122840167
1665946348154980600,5.122980712890625,-0.3109054395586252,0.78325129500404,0.21590397361069916
1665946348165062700,5.133062744140625,-0.39532968965172766,0.6683297614470124,0.09810483879074454
1665946348175144700,5.143144775390625,-0.28474399334192274,0.6171507052864879,-0.057393108369782564
1665946348185226800,5.153226806640625,-0.23400515522956847,0.5304196030231192,-0.1957332191761583
1665946348195307500,5.1633076171875,-0.2250765833646059,0.36204778043795377,-0.341188422684744
1665946348205389600,5.1733896484375,-0.18137597332596778,0.149808594678808,-0.30910671957358715
1665946348215471600,5.1834716796875,-0.025492753174901007,0.08353199569480493,-0.15132774880379438
1665946348225553400,5.193553466796875,0.04638415003418922,0.039351694114133716,-0.012643354604393243
1665946348235635500,5.203635498046875,0.08281506133079529,-0.01761294144419953,0.07353986798524856
1665946348245716500,5.213716552734375,0.12975567620396614,-0.008629808114096521,-0.09180486186370253
1665946348255798500,5.223798583984375,0.12547288431823253,0.015707235687039793,-0.2389908346876502
1665946348265880600,5.233880615234375,0.43296588508486744,0.0720812301421538,-0.22999723476245998
1665946348275962600,5.243962646484375,0.4610568380594253,0.3039136079099029,-0.13538681395873425
1665946348286043600,5.254043701171875,0.42922845212221145,0.3287455956211313,-0.04804214637428522
1665946348296125700,5.264125732421875,0.33178865311145783,0.25279957980960605,-0.016958002933114766
1665946348306207700,5.274207763671875,0.12000994273722171,0.19363602770119903,-0.030220658479630947
1665946348316289500,5.28428955078125,-0.037625089517235755,0.16900672295521943,-0.08374868891909718
1665946348326370800,5.294370849609375,-0.10957271987497806,0.13916161978971212,-0.20111469301879406
1665946348336452600,5.30445263671875,-0.14566110134422777,0.16701185934357343,-0.29452202164307234
1665946348346534400,5.314534423828125,0.04912029699981212,0.18138671391569078,-0.4191317132607102
1665946348356616400,5.324616455078125,0.22603870639503001,0.2607471047479659,-0.5368902238093316
1665946348366697500,5.334697509765625,0.4382622379273176,0.37835458945333955,-0.5614456961341202
1665946348376778800,5.34477880859375,0.6934907984495162,0.4652072357371449,-0.5400036796547473
1665946348386860800,5.35486083984375,0.763865480402112,0.444786598194763,-0.46811245565935966
1665946348396942800,5.36494287109375,0.8247048567682504,0.4063909626964479,-0.3666130059942603
1665946348407023900,5.37502392578125,0.8389069851219654,0.4485535495128482,-0.29145357398316263
1665946348417106000,5.38510595703125,0.7285469142615795,0.6143006496176123,-0.2668181682899594
1665946348427188000,5.39518798828125,0.37677696487307544,0.800829767923057,-0.2833233128890395
1665946348437270000,5.40527001953125,0.07887772188186645,0.8473067838724702,-0.28588439554870126
1665946348447351000,5.41535107421875,-0.02175298212468624,0.7052602197635919,-0.25258944419026375
1665946348457433000,5.42543310546875,-0.04730360296666622,0.606850625872612,-0.20580723474919796
1665946348467515000,5.435514892578125,-0.2061269682228565,0.5815587290320545,-0.21998072153031825
1665946348477597000,5.445596923828125,0.10122808537781237,0.7061681283887475,-0.3566372631639242
1665946348487677700,5.455677734375,0.7257593293696641,0.9915098684281111,-0.22797288932800291
1665946348497759700,5.465759765625,0.8024813345223665,0.8891713375903666,-0.2416298048891127
1665946348507841800,5.475841796875,0.6478899077475071,1.0070376924276352,-0.24308847926482557
1665946348517923800,5.485923828125,-0.030478140372037887,0.6315183264002203,-0.3470125257283449
1665946348528004900,5.4960048828125,0.3671387834340334,0.8994724399175494,-0.24796456086859106
1665946348538087000,5.5060869140625,0.24544015695750712,1.059000154050812,0.02546469612419605
1665946348548169000,5.5161689453125,0.04354746530354023,0.8551691878106444,0.3428472227424383
1665946348558251000,5.5262509765625,0.29440380209088324,0.8840532639242709,-0.38769656442478295
1665946348568332800,5.536332763671875,-0.20104162778258322,0.7384485689423977,-0.505876734451577
1665946348578414000,5.5464140625,-0.29872049624621866,0.5603358717286959,-0.2945162494894117
1665946348588496000,5.556495849609375,-0.7374269708096981,0.48999257129505275,-0.37623489388562736
1665946348598578000,5.566577880859375,-0.2940478282600641,0.8283887329127639,-0.3730257225807756
1665946348608660000,5.576659912109375,-0.33519057050943374,0.8570701260611414,-0.4861174103621393
1665946348618740700,5.58674072265625,-0.24585984367430208,0.8839922544520348,-0.49543717350177463
1665946348628822800,5.59682275390625,-0.33689737442731854,0.9973170934021472,-0.6598488602843136
1665946348638904800,5.60690478515625,-0.5619049842089414,1.0561373850308358,-0.8203688733905553
1665946348648987000,5.61698681640625,0.32832126926183697,1.3636723252430558,-0.8287035710155963
1665946348659068000,5.62706787109375,0.5934370175480842,1.2824325504049658,-0.4553765274006873
1665946348669150000,5.63714990234375,0.2893126164317131,0.9395542018719018,-0.2952602727897465
1665946348679232000,5.64723193359375,-0.15247662657797337,0.6183261788066476,-0.1846989072035998
1665946348689313800,5.657313720703125,0.2707137144237757,0.7201831366725265,0.01512611133083701
1665946348699394800,5.667394775390625,0.07948620916903018,0.5953044919203967,0.0914933847617358
1665946348709476900,5.677476806640625,0.035140871486067767,0.445590973380208,0.14294555877521634
1665946348719559000,5.687558837890625,-0.046397594037652014,0.24315642993450162,0.34182818189300596
1665946348729641000,5.697640869140625,-0.07026011566221714,0.12231887726671993,0.4715408957380801
1665946348739722000,5.707721923828125,0.008844985234737396,0.2147706587318331,0.45743557882234454
1665946348749803800,5.7178037109375,-0.015841127732396126,0.3829536076813936,0.3564539424862712
1665946348759885800,5.7278857421875,-0.062127078089118,0.4973020905908197,0.32861528377234933
1665946348769967900,5.7379677734375,-0.08847907844185829,0.6037683688830584,0.3231082107886672
1665946348780049000,5.748048828125,-0.1575543682336807,0.6647041182957589,0.28036329403966664
1665946348790131000,5.758130859375,-0.2038788970351219,0.6870335120689124,0.18681268448717891
1665946348800212700,5.768212646484375,-0.10189736294150352,0.5650955969437956,0.1321512661036104
1665946348810294800,5.778294677734375,-0.06190963594615459,0.341346828116849,0.10668372043520212
1665946348820375800,5.788375732421875,-0.12974223220050335,0.16146730389371514,0.11033807822428643
1665946348830457900,5.798457763671875,-0.11183715767562388,-0.05148571095690131,0.1968188224557787
1665946348840540000,5.808539794921875,-0.049397944897413254,-0.18925854326933622,0.25777349576465786
1665946348850622000,5.8186220703125,0.004254150313138962,-0.11337488863691687,0.271951439525187
1665946348860703000,5.828702880859375,0.0027080899149179456,-0.040573125667870046,0.26023900909535586
1665946348870785000,5.838784912109375,-0.03280804462432861,-0.03351516998037696,0.15474610587991774
1665946348880867000,5.8488671875,-0.2011772368609905,-0.0468552016120404,0.055760392601415514
1665946348890949000,5.85894921875,-0.4070832558095455,-0.007546542922034859,-0.04048135573118925
1665946348901030000,5.86902978515625,-0.4486100289404392,0.08801474886573851,-0.14069076558575033
1665946348911112000,5.87911181640625,-0.2684422623604536,0.12780980283319948,-0.2576261231832206
1665946348921193700,5.88919384765625,-0.0846142197072506,0.19835903763510285,-0.41150808651447296
1665946348931275800,5.89927587890625,-0.03720540280044079,0.305392813616991,-0.5535190313206986
1665946348941356800,5.909356689453125,-0.008549217158555984,0.34522213518023487,-0.680851243237406
1665946348951438800,5.91943896484375,0.10283142892122268,0.37765615886040027,-0.7298783089958131
1665946348961521000,5.92952099609375,0.2019663414120674,0.4098994822740555,-0.6627864481061697
1665946348971603000,5.93960302734375,0.26748598454892636,0.4479528802059591,-0.5010976469488814
1665946348981685000,5.94968505859375,0.25291093122959135,0.4800098142020404,-0.34487069139406085
1665946348991766000,5.95976611328125,0.12783259918689727,0.42725050311274826,-0.22101685964502393
1665946349001848000,5.96984814453125,-0.0284036721855402,0.3601985358420759,-0.1493911181854084
1665946349011930000,5.97993017578125,-0.24921090766787526,0.36070509712472554,-0.12772778710555285
1665946349022012000,5.990011962890625,-0.3880383635997772,0.37270562378093597,-0.16539105320870875
1665946349032093000,6.000093017578125,-0.3496042957872152,0.31861068017370997,-0.21645481242649256
1665946349042174700,6.0101748046875,-0.3312608298450708,0.23360271190851925,-0.21647914315015077
1665946349052256800,6.0202568359375,-0.23843816924095151,0.1008642935667187,-0.17576059939591213
1665946349062338800,6.0303388671875,-0.08778758904635905,-0.02047887053564191,-0.09433876425549387
1665946349072419800,6.040419921875,-0.06883563581705093,-0.0787659320704639,-0.04715981058180332
1665946349082502000,6.050501953125,-0.14652677826285362,-0.07809796968102455,-0.09850052357744425
1665946349092584000,6.060583984375,-0.04633797280490398,-0.030872984908521174,-0.23818704402409493
1665946349102666000,6.070666015625,0.11441022303402423,0.021852935367822644,-0.4053007928395644
1665946349112747000,6.0807470703125,0.07240297290980816,0.06317096111886203,-0.46867465611938386
1665946349122829000,6.0908291015625,-0.16922434776127337,0.03571574876457453,-0.42617640760783104
1665946349132910800,6.100910888671875,-0.27793255976140496,-0.1015273605853319,-0.3380183047486469
1665946349142993000,6.110992919921875,-0.16475976956784724,-0.1785644230365753,-0.17913060555197297
1665946349153073700,6.12107373046875,0.06625614071786404,-0.10227525634318589,0.030299495869502424
1665946349163155700,6.13115576171875,0.24576573565006254,0.10929996734820306,0.20514836898166686
1665946349173237800,6.14123779296875,0.3491828555047512,0.2719021935559809,0.3119646662879735
1665946349183319800,6.15131982421875,0.28622108015716075,0.35447672412917014,0.34017577504348007
1665946349193400800,6.16140087890625,0.15555238076150416,0.32506445942297574,0.3002349193971604
1665946349203483000,6.17148291015625,0.1508446414619684,0.22809994977377354,0.24136753722373394
1665946349213565000,6.18156494140625,0.11624679081141948,0.22958631587401032,0.1751207123234868
1665946349223647000,6.19164697265625,-0.004191021949052811,0.24457820636592803,0.06028082916792482
1665946349233728000,6.20172802734375,-0.0889922886610031,0.2581779118470847,-0.09963350966274738
1665946349243810000,6.21181005859375,-0.20356617782413958,0.19050898172184824,-0.19193218292538075
1665946349253891800,6.221891845703125,-0.3226438081473112,0.08843611608296632,-0.18472780450452117
1665946349263974000,6.231973876953125,-0.4109884465545416,-0.013355375331267714,-0.13180314678568392
1665946349274055000,6.242054931640625,-0.4418295750200748,-0.10899557757414877,-0.08190912546701729
1665946349284137000,6.252136962890625,-0.47377895698845385,-0.18028876261115073,-0.07396218505054712
1665946349294218800,6.26221875,-0.4226338761627674,-0.20852526153624057,-0.10721371739236638
1665946349304300800,6.27230078125,-0.27696166890263557,-0.1772689763985574,-0.22095941210305317
1665946349314381800,6.2823818359375,-0.1641962904661894,-0.17754070601202546,-0.3291600581735372
1665946349324463900,6.2924638671875,-0.1424181739002466,-0.19261552554704248,-0.35255065143741665
1665946349334546000,6.3025458984375,-0.15580957039296625,-0.19981321849878877,-0.3351979866309091
1665946349344628000,6.3126279296875,-0.12084522451758384,-0.18233791369330138,-0.3483291612848639
1665946349354709800,6.322709716796875,-0.047152211797237394,-0.11564758280925452,-0.37320886059533803
1665946349364791000,6.332791015625,0.04228782063126564,-0.04389266201201826,-0.4018421037530526
1665946349374872800,6.342872802734375,0.19100714050233364,0.0031790318949148056,-0.4635023315154016
1665946349384955100,6.352955078125,0.2759972077846527,0.04358366912808269,-0.5681256488220766
1665946349395037200,6.363037109375,0.30189035845398904,0.059116096237488085,-0.6557328763328493
1665946349405118200,6.3731181640625,0.2399608487635851,-0.0014604279413819312,-0.68103010693565
1665946349415200300,6.3832001953125,0.1473638136088848,-0.11671952288970351,-0.6935244815234094
1665946349425282300,6.3932822265625,0.03282031958401203,-0.2504437373984605,-0.6805741798616946
1665946349435364400,6.4033642578125,-0.047371407505869864,-0.35649007324557747,-0.6716396166473627
1665946349445445400,6.4134453125,-0.07284370241463184,-0.4303129959559068,-0.714135965462774
1665946349455527400,6.42352734375,-0.07620762588977813,-0.42766394275184716,-0.7614280241221189
1665946349465609200,6.433609130859375,-0.021412790384888646,-0.38405415280181915,-0.7607450102940201
1665946398046762500,55.014762451171876,0.2062573166042566,-0.6376093367516994,1.069582411406934
1665946398056843500,55.02484350585937,0.13205284723043442,-0.39987843899726866,0.91082217451483
1665946398066924500,55.03492456054688,-0.20392448974251745,-0.5990729776084422,0.8682850552976131
1665946398077005300,55.04500537109375,-0.7047416757822036,-0.8184884664714336,0.8511191087022423
1665946398087086300,55.05508642578125,-1.2567016045600174,-0.5037257669627666,0.7308812024280429
1665946398097168400,55.06516845703125,-1.283956106710434,-0.20840894168019294,0.8121636473640799
1665946398107249400,55.07524951171875,-1.0687199493587016,0.024250644159317016,0.8962856996402144
1665946398117330400,55.08533032226563,-0.7112970887750387,0.1599474008500576,0.7435647429123521
1665946398127411500,55.09541137695312,-0.2883446481823921,0.34380291603207586,0.5696022607132792
1665946398137492500,55.10549243164063,0.10056582207679748,1.0309300246685742,0.5432338937476276
1665946398147573500,55.115573486328124,0.0012076222240924835,1.1784721174538135,0.22627193062901496
1665946398157654500,55.12565454101563,0.03402501919865608,0.7800204963892697,0.3659805533096194
1665946398167735600,55.135735595703125,0.07769231148958206,0.511063854765892,0.4926476158484816
1665946398177817600,55.145817626953125,-0.000443067592382431,0.33264088602662084,0.38677170466482635
1665946398187898400,55.1558984375,0.042458501023054124,0.23405425506830213,0.2724821854010224
1665946398197979400,55.1659794921875,0.21455694291591643,0.40576106729507444,0.3139858699172735
1665946398208060400,55.17606030273438,0.26372107905745507,0.7283937695264816,0.4476198488593101
1665946398218141400,55.186141357421874,0.33269232395291326,0.9046095836102962,0.5969973403781652
1665946398228222500,55.19622241210938,0.5468915394723415,0.8011234901726245,0.7917077193126082
1665946398238303500,55.206303466796875,0.7096843928813934,0.6225508838295937,0.9289607655346394
1665946398248385500,55.216385498046876,0.8929109625101089,0.558712910169363,0.8638599323317409
1665946398258466600,55.22646655273437,1.0634393786072731,0.5630874719917773,0.7184948913246393
1665946398268547600,55.236547607421876,0.9553384848505257,0.70107438544631,0.5576853206872939
1665946398278628600,55.24662866210937,0.651136926844716,0.8926765692323446,0.35169805319607256
1665946398288709400,55.25670947265625,-0.6984159798920154,0.36821488823294635,-1.345400463232398
1665946398298790400,55.26679028320312,-2.794739439845085,-0.4158499151110649,-2.836948642282188
1665946398308871400,55.276871337890626,-3.1271734051227567,-1.0186726006418465,-2.2377917857825755
1665946398318952400,55.28695239257812,-2.5208961952239273,-1.2230769828557968,-1.189922316750884
1665946398329034500,55.29703442382812,-1.5203525409907102,-0.7693313445925712,-0.10527502268105744
1665946398339115300,55.307115234375,-0.6777952166676521,-0.35204584372043607,0.2882879495590925
1665946398349196500,55.31719653320312,-0.12009528293311596,0.07226794835329055,0.22632512212097644
1665946398359277600,55.32727758789063,0.28322248286306856,0.0864478648751974,0.16465629092706366
1665946398369358600,55.337358642578124,0.40568624849319457,0.05087503171265125,0.0026364677171222864
1665946398379439600,55.34743969726563,-0.10592881041467189,0.14402444005310536,-0.6113505676403641
1665946398389520400,55.35752026367187,-0.49294367618560786,-0.03463467552959919,-1.3204106911435722
1665946398399602400,55.3676025390625,0.4367085787445307,-0.7110808156758547,-0.731559832341969
1665946398409683500,55.37768334960938,-0.2998316723585129,-0.772252200475335,-0.9005059476837516
1665946398419764500,55.387764404296874,0.04706804064512252,-0.651302931061387,-0.5559083741426467
1665946398429845500,55.39784545898438,0.4998971485853195,-0.12962474330067633,-0.14008037860244513
1665946398439926300,55.40792626953125,0.3175280725687742,0.39871114878356456,0.2756581668223254
1665946398450007600,55.41800756835938,-0.2626549111306667,0.6233265443772077,0.4944669402301311
1665946398460088600,55.428088623046875,-0.4472176977992057,0.5427870267629623,0.35732553768903014
1665946398470169600,55.43816967773437,-0.15020225190520287,0.3653215048789978,0.09131284056305884
1665946398480251600,55.44825170898437,0.1518950272977352,0.07618190692663192,0.30596798315644264
1665946398490332400,55.45833251953125,-0.09382862277626991,0.4628846380084753,-0.11032792215645312
1665946398500413400,55.46841333007813,-0.2841279072701931,0.7158435000330209,-0.6063797934904694
1665946398510494500,55.478494384765625,0.09306815979778767,0.020261282262206075,0.5369689881339669
1665946398520575500,55.48857543945312,0.008002104669809341,0.457331095534563,1.1921624968931077
1665946398530656500,55.498656494140626,0.23044074074625967,1.5507120234191416,0.9294073402583598
1665946398540737300,55.5087373046875,0.4012660939633846,1.4661363821566105,1.0046560579881072
1665946398550819300,55.5188193359375,0.016358429604768753,0.21436580425798893,0.8009259217739104
1665946398560900400,55.528900390625,-0.1625830100506544,-0.6912269451707601,0.3168655170068145
1665946398570981400,55.5389814453125,-0.16208908905386923,-0.7390057644337416,-0.2221285472139716
1665946398581062700,55.54906274414063,0.14833295090198517,-0.4900362643063068,-0.5981231295377015
1665946398591143400,55.55914331054687,0.35746611520349975,-0.3836076876759529,-0.8032359522819519
1665946398601224400,55.569224365234376,0.3824111713677644,-0.1690191805779934,-0.9257362505301833
1665946398611305500,55.57930541992187,0.17093699689805505,0.021474749705195424,-0.9132926562815904
1665946398621387500,55.58938745117187,0.4576297862201929,0.03439619059860706,-0.7604507035225629
1665946398631468500,55.59946850585938,1.0614210245221853,0.012827332869172096,-0.3517024371102452
1665946398641549600,55.609549560546874,0.27286709306538104,-0.14721651409268377,0.198707047355175
1665946398651630300,55.61963037109375,-0.7860632836848497,-0.14020809663534164,0.5500915045574307
1665946398661711400,55.62971142578125,-1.0015595532774924,0.24155717804431914,0.6581064735963941
1665946398671792400,55.63979248046875,-0.7132973226815462,0.3911100261300802,0.5513286451369523
1665946398681873700,55.649873779296875,-0.4561591291457414,0.38221769462227817,0.13301146312952042
1665946398691955500,55.65995556640625,-0.2972954318791628,0.2265916641026735,-0.218677529977262
1665946398702036500,55.67003637695313,-0.19566344187557697,-0.024777298381924627,-0.34994302622228857
1665946398712117500,55.680117431640625,-0.1369640001475811,-0.07398410462141036,-0.4040381890252232
1665946398722198500,55.69019848632813,-0.1061719715207815,0.03849719617664814,-0.5437918198913335
1665946398732279600,55.700279541015625,-0.16323475195765494,0.07819500031471252,-0.5855407113403082
1665946398742360600,55.71036059570312,-0.22559271619319915,0.0822474905759096,-0.4730655480220914
1665946398752441300,55.72044140625,-0.1711971091389656,0.09360650445818901,-0.3439692125096917
1665946398762523400,55.7305234375,-0.17994389469623565,0.05974515138864517,-0.23453356301784514
1665946398772604400,55.7406044921875,-0.11673720467686652,0.07207973230481148,-0.21534604746699332
1665946398782685000,55.75068481445312,-0.07348959910273552,0.13245558281242847,-0.34502807391285895
1665946398792766200,55.76076611328125,-0.2552951960176229,0.09942951152324676,-0.33885084658265113
1665946398802847200,55.77084716796875,-0.3157289141923189,-0.09926993704736232,0.015935528017580507
1665946398812928300,55.78092822265625,-0.2688748085588217,-0.11577741973400116,0.2766357979491353
1665946398823009300,55.79100927734375,-0.3422960186004638,-0.03801321205198765,0.3748138481065631
1665946398833091300,55.80109130859375,-0.30991058330237864,0.2017664349257946,-0.05440232905596494
1665946398843172000,55.81117211914062,0.06407938120067119,0.4152852669656276,-0.2383531213060021
1665946398853253000,55.821253173828126,0.18958149161338805,0.5073486336350441,-0.3557446982383728
1665946398863334100,55.83133422851562,0.27481822713315485,0.11854571540355682,-0.12842121272981166
1665946398873415200,55.841415283203126,0.20535013863146304,-0.05224924267530441,0.08280921611189841
1665946398883496000,55.85149584960938,0.33600597854554654,-0.014989479339122772,0.17274843023419378
1665946398893577200,55.8615771484375,0.39081016640067096,0.14172493093907831,0.13649346002638338
1665946398903659000,55.871658935546876,0.3435124086529016,0.33953415267169473,-0.09407646919065155
1665946398913740000,55.88173999023437,0.22676409806013106,0.32009178557693957,-0.09523206896656192
1665946398923821300,55.8918212890625,0.16437924581766128,0.0891711523592472,-0.15227818139642477
1665946398933902300,55.90190234375,0.18862229119241236,0.052020694616436956,-0.2765279536604881
1665946398943983000,55.91198315429688,0.24206805017590521,-0.06784720930159091,-0.06990619679116644
1665946398954064100,55.922064208984374,0.13239829966723918,-0.15642799455225467,0.07861350885457359
1665946398964146200,55.932146240234374,0.22181378217637537,-0.0440934087485075,-0.03497340596467256
1665946398974227200,55.94222729492188,0.3007984715640545,0.036136312264204024,-0.22048282583355902
1665946398984308200,55.95230810546875,0.24788696558773515,0.05912555818557739,-0.19155834464430807
1665946398994389000,55.96238891601563,0.19003917225301264,0.09714812258780002,-0.1805728402495384
1665946399004470000,55.97246997070312,0.12604688481390475,0.16395020675063132,-0.2085734845921397
1665946399014551000,55.98255102539063,-0.012447978162765503,0.15378361752331257,-0.03140577661097049
1665946399024632300,55.99263232421875,-0.10923778883218764,0.12878420082330702,0.17771686629652975
1665946399034714000,56.002714111328125,-0.13448153568208218,0.20891806024610995,0.3464718429803848
1665946399044795100,56.01279516601563,-0.3156383132994175,0.32304186755418773,0.5786757940068841
1665946399054876200,56.022876220703125,-0.41767654601633547,0.24468144754469393,0.3883306245446205
1665946399064957200,56.03295727539062,-0.3143541187077761,0.06943243266642093,0.1895709702193737
1665946399075038200,56.0430380859375,-0.29443653531670566,0.00526420413851738,-0.16121435204595327
1665946399085119200,56.053119140625,-0.10241174220442771,-0.041266076368093485,-0.433759373550117
1665946399095201300,56.063201171875,0.06655892305672169,-0.1296750121831894,-0.49059360592812296
1665946399105282000,56.073281982421875,-0.0210357737660408,-0.21509119592308998,-0.2199740177948959
1665946399115363000,56.08336303710937,-0.20578093126416205,-0.12702595897912977,-0.04375964674949646
1665946399125444000,56.093444091796876,-0.3500719132989645,0.058313657280802726,0.0023716793010942635
1665946399135525000,56.10352514648437,-0.47053310693502426,0.11219079341888427,0.045857788072526454
1665946399145606100,56.113606201171876,-0.4290852442592382,0.10127601617276669,0.15662497842907905
1665946399155688000,56.12368798828125,-0.24506957007944583,0.04826689504086971,0.06001079832119867
1665946399165769200,56.133769287109374,-0.16662848604917524,-0.013459201031923293,-0.02119739406853914
1665946399175850200,56.14385034179688,-0.20748539709448813,-0.008901099336147307,-0.07004851873815059
1665946399185931300,56.15393115234375,-0.23022329860329627,-0.023553894066810608,-0.06784954738914967
1665946399196012300,56.16401220703125,-0.262546190059185,-0.032361469900608064,-0.08938947128504514
1665946399206093000,56.17409301757812,-0.24608839173316954,0.04830255087614059,-0.11933891160786152
1665946399216175000,56.18417504882812,-0.11286357811391352,0.013109656941890716,-0.05456190353184938
1665946399226256100,56.19425610351563,-0.014040215790271758,-0.08832418014109134,-0.027356501220166682
1665946399236337200,56.204337158203124,-0.0066308163166046135,-0.033625206226110455,-0.038192368011176585
1665946399246418200,56.21441821289063,-0.0032879356294870377,0.05553776282668113,-0.08214578376710414
1665946399256499000,56.2244990234375,-0.05281330629885196,0.08744973539412021,-0.13940087190568445
1665946399266580200,56.23458032226562,-0.11870996605455875,0.041355508217215536,-0.1322585989356041
1665946399276662000,56.244662109375,-0.1489157192260027,0.05883095915317535,-0.06838906109333039
1665946399286743000,56.254742919921874,-0.07107084752321242,0.10664134259819984,-0.10232757105231284
1665946399296824300,56.26482421875,-0.07086977199316025,0.12657763068974018,-0.1569225000709295
1665946399306905000,56.274905029296875,-0.15790274327993392,0.1195440787911415,-0.17912234918028117
1665946399316986000,56.28498608398438,-0.15864508607983588,0.07103636073172093,-0.14413696051687
1665946399327067100,56.295067138671875,-0.07869593557417393,0.03537175763249397,-0.1282823887810111
1665946399337149200,56.305149169921876,-0.025928221982717513,0.041457799547910686,-0.09574643909633158
1665946399347230200,56.31523022460937,-0.0408779538333416,0.03540332181453704,-0.07226181087344885
1665946399357311200,56.325311279296876,-0.12787176215350626,0.0046282443225383755,-0.030259821446239947
1665946399367392000,56.33539208984375,-0.16145663636922836,-0.024424831682443617,0.00281681098639965
1665946399377473000,56.34547314453125,-0.06603402239978313,-0.05237374583780765,-0.03491058812784031
1665946399387554000,56.35555395507812,-0.04071545674800873,-0.08871580980718136,-0.002911503532528877
1665946399397636000,56.36563598632812,-0.12914777343869208,-0.04964461313486099,-0.010047931283712386
1665946399407717000,56.375717041015626,-0.20460721130967138,-0.03267828076481819,-0.05358604423701763
1665946399417798100,56.38579809570312,-0.18774784644544124,-0.03087152360379696,0.022464363530743867
1665946399427879200,56.39587915039063,-0.028775428107380867,0.014729951620101928,0.011297346822917461
1665946399437960200,56.405960205078124,-0.0029810616374015804,0.01688566834926605,-0.2032367997393012
1665946399448042200,56.416042236328124,-0.1277881755232811,0.014962591332197189,-0.23292057486325501
1665946399458123300,56.42612329101563,-0.20875380959510803,0.0346469504892826,-0.1729112195804715
1665946399468204300,56.436204345703125,-0.20210662666559218,0.01724047313630581,-0.04018063748525456
1665946399478285000,56.44628515625,-0.17872867368757725,0.02423135493695736,-0.021885102338064462
1665946399488366000,56.456365966796874,-0.18154314658641815,0.04886602997779846,-0.04719108250290155
1665946399498448100,56.4664482421875,-0.18842998349070547,0.016540800434350966,-0.10529840355664491
1665946399508529200,56.47652905273438,-0.15681553256511688,-0.09357026410102844,-0.08466507311165332
1665946399518610200,56.486610107421875,-0.006148001235723495,-0.04222235417962074,-0.02928980737030506
1665946399528691000,56.49669091796875,-0.007056932774186134,0.06227437760531902,-0.03076691245185211
1665946399538772200,56.506772216796875,-0.1173877775400877,0.05437865591943264,-0.027530414748657493
1665946399548853200,56.51685327148437,-0.23160861548185346,0.010306874480843543,-0.10850859777480364
1665946399558935000,56.52693505859375,-0.2795698055744171,-0.06225041220784187,-0.09481734155267477
1665946399569016300,56.53701635742188,-0.29086452204883095,-0.03986030122339725,-0.07495647505121306
1665946399579097000,56.54709716796875,-0.28274259039163585,0.018447510838508607,-0.059742813301086425
1665946399589178000,56.55717822265625,-0.21575404374599455,0.013529343658685683,0.0026148586735129354
1665946399599259100,56.56725903320312,-0.10607026471197605,0.042186113822460174,0.03294920666068792
1665946399609341200,56.57734106445312,-0.0763181005269289,0.05213467638492584,0.015673369950056075
1665946399619422200,56.587422119140626,-0.08364332884848118,0.03867430630922317,-0.006411912868916988
1665946399629503200,56.59750317382812,-0.08162789737284183,-0.002933715364336967,0.0027080533822998404
1665946399639584000,56.607583984375,-0.021408698731660843,-0.01606266152858734,-0.018809914410114287
1665946399649665000,56.6176650390625,0.01019815340936184,-0.04424830704927444,0.004403787916898727
1665946399659747000,56.6277470703125,-0.020278233397006986,-0.013320084822177886,0.04773322655558586
1665946399669828000,56.637828125,-0.01938800655901432,0.030957448321580885,-0.011518003836274146
1665946399679909000,56.6479091796875,-0.002011924344301224,0.03962941507697105,-0.08224164535701274
1665946399689990100,56.657990234375,-0.060946928393840784,0.06630231794714928,-0.0729737585350871
1665946399700071200,56.6680712890625,-0.07796352964639663,0.0895937616854906,-0.046996144452691076
1665946399710153200,56.6781533203125,0.00580839401781559,0.04725041147470474,-0.11029168179929255
1665946399720234200,56.68823413085938,0.036894437155127524,-0.032732056778669354,-0.09286766878962516
1665946399730315300,56.698315185546875,0.012820318606495856,0.03104220399558544,-0.04541939665526151
1665946399740396300,56.70839624023437,-0.018439327532052994,0.07504033567607403,-0.09058101915717125
1665946399750477000,56.71847705078125,0.0633469752728939,0.016886837393045424,-0.11096271292865276
1665946399760559000,56.72855908203125,0.10593874728679656,-0.025290508601069447,-0.12748685448914765
1665946399770640100,56.73864013671875,0.03788520175814628,-0.011314005696773528,-0.12492197243720292
1665946399780721200,56.74872119140625,-0.044261166530847544,-0.04593406817913055,-0.11370821224451065
1665946399790803000,56.758802978515625,-0.060329088756442065,-0.08720423620045184,-0.0543760438372381
1665946399800883700,56.7688837890625,-0.05493862788975239,-0.057309448674321174,-0.08705869024991988
1665946399810965800,56.7789658203125,-0.025438392639160156,-0.03458031499385834,-0.08550766141563654
1665946399821046800,56.789046875,-0.009535305586457252,-0.03460895656645298,-0.0781672355249524
1665946399831127800,56.7991279296875,-0.04502221403121948,-0.03195230457782745,-0.05205576592981815
1665946399841208800,56.809208740234375,-0.09572948796153068,-0.021906126859784124,-0.028861078830529
1665946399851289900,56.81928979492187,-0.08206570426821708,-0.024901217022538183,-0.0643231268286705
1665946399861371600,56.82937158203125,-0.009941548299789427,-0.018095044139027596,-0.08730218014959246
1665946399871453000,56.839452880859376,0.012193711140751838,-0.006177227330207824,-0.08553922559767961
1665946399881534000,56.84953393554687,-0.009732873985171317,0.004227262306213378,-0.045910395042598244
1665946399891615000,56.85961499023438,0.0018085107266902923,0.03263970232009888,0.01535509778112173
1665946399901696000,56.869696044921874,0.011935936987400054,0.0492693500816822,-0.07491583251357078
1665946399911778000,56.879778076171874,-0.1274088208168745,-0.08856617220342158,-0.08294778433237224
1665946399921858800,56.88985888671875,-0.19350597158074379,-0.14913023875951767,0.02829670467972755
1665946399931939800,56.89993994140625,-0.23977029462754726,-0.07077975562214851,0.014365502221882343
1665946399942020900,56.91002075195313,-0.1353431209474802,-0.018610592445731163,0.0541752057692036
1665946399952103000,56.92010302734375,-0.002777063497900963,0.018474983367323873,0.021746808112226425
1665946399962184000,56.930183837890624,0.09200900613367557,0.03510521565079689,0.0045937575310468675
1665946399972264700,56.9402646484375,0.13942016112804412,0.02470364862382412,0.02767331208437681
1665946399982345700,56.950345703125,0.06068097093403339,0.0011018237620592116,0.016038951859436927
1665946399992426800,56.9604267578125,-0.05033025731146335,-0.013024901267886161,-0.04051617131624371
1665946400002508800,56.9705087890625,-0.08720014454722404,0.025887305450439452,-0.06828969237208365
1665946400012589800,56.98058984375,-0.12365677480697632,0.07000701768398285,-0.02843319054096937
1665946400022670800,56.9906708984375,-0.13527531640827656,0.0989005192130804,-0.004115618625283241
1665946400032751900,57.000751953125,-0.08555646899342537,0.09525953236222266,-0.01626227575391531
1665946400042833000,57.0108330078125,-0.06430909830331802,0.06971943291425704,-0.054713879223167894
1665946400052915000,57.0209150390625,-0.03137888860404491,0.06816226660013198,-0.05217822326570749
1665946400062996000,57.030995849609376,-0.017341010901331902,0.11078034209907055,0.04857986998017877
1665946400073077000,57.04107690429687,-0.04330781132876873,0.09256839358210563,-0.052260348591208455
1665946400083157800,57.05115771484375,-0.08474281452298164,-0.033631051445007325,-0.0389344185501337
1665946400093239800,57.06123974609375,-0.10994213770925998,-0.02899696190357208,-0.04862754504680633
1665946400103320800,57.07132080078125,-0.07548281874656677,0.03044131549298763,-0.03332505423575639
1665946400113401900,57.08140185546875,0.07100421202778816,0.014927520018815994,0.015691197867691516
1665946400123483000,57.09148291015625,0.15469021097421645,-0.04386719877719879,0.03898118030130863
1665946400133565000,57.10156494140625,0.10150865588486194,-0.028232991793751716,-0.0010428235838189721
1665946400143645700,57.11164575195313,0.013505378261208534,0.0019429507613182068,0.013356032918393611
1665946400153726700,57.12172680664062,-0.027693478089570997,-0.014927520018815994,0.02853898900300264
1665946400163807700,57.13180786132813,-0.03840951789319515,-0.002319382858276367,0.020635668532550333
1665946400173889000,57.141888916015624,-0.01566401759982109,0.03799158474206924,0.03822480897605419
1665946400183970800,57.151970703125,-0.02884966238737106,0.03731295482814312,0.03876549172401428
1665946400194051800,57.1620517578125,-0.04357669139802456,0.009507248535752296,0.023453612030111252
1665946400204132900,57.1721328125,-0.04690963521301746,-0.02675532045662403,-0.029374891837872563
1665946400214214000,57.1822138671875,-0.04433014011383057,-0.01581950042247772,0.0029667408511042594
1665946400224296000,57.1922958984375,-0.013303718209266662,0.00291442614197731,0.046827509887516494
1665946400234377000,57.202376953125,0.012998597782850264,0.049099838733673094,0.017474574153125286
1665946400244458000,57.2124580078125,-0.033224224209785456,0.03469137415289879,-0.015038579177856445
1665946400254538800,57.222538818359375,-0.0763876586318016,-0.0009311433702707291,-0.04776888239085674
1665946400264619800,57.23261987304687,-0.14846855998039243,0.029869653084874152,-0.05953033959418535
1665946400274701800,57.24270190429687,-0.20438333942592143,0.03472702998816967,-0.024796039615012703
1665946400284782800,57.252782958984376,-0.1977227124929428,0.025863340052962303,-0.01760875845942646
1665946400294864000,57.26286376953125,-0.17315818007886408,0.03908873232901096,-0.04732230766713619
1665946400304944600,57.272944580078125,-0.1454243699789047,0.02589782684445381,-0.06015840836465358
1665946400315026700,57.283026611328125,-0.09478139345645904,0.009113865303993225,-0.023543080411851405
1665946400325107700,57.29310766601562,-0.09118541479110717,0.02572013218998909,0.005601765529811382
1665946400335189000,57.30318896484375,-0.11403145284950733,0.05831833345592022,0.011849720008671284
1665946400345270000,57.31327001953125,-0.08618599906861782,0.01055062010884285,-0.01735679299235344
1665946400355351800,57.32335180664062,-0.04790273790359497,-0.07748071456551552,-0.00824438899308443
1665946400365432800,57.33343286132813,-0.12027356210947036,-0.08889291993975638,-0.007606675611436366
1665946400375513900,57.343513916015624,-0.1586480086892843,-0.04999941792190075,-0.014502901398576795
1665946400385595000,57.35359497070313,-0.20346447101533413,-0.04985153388381004,0.0014548749834299086
1665946400395677000,57.36367700195313,-0.23512042299509048,-0.026426234632730482,0.03164455380290746
1665946400405758000,57.373758056640625,-0.1674853951394558,-0.012252747851610183,0.03260550778955221
1665946400415839000,57.3838388671875,-0.0818646287381649,-0.008622282394766806,0.0005208090037107468
1665946400425919700,57.393919677734374,-0.04530220001637936,-0.015707856741547583,-0.02484543171469122
1665946400436001800,57.404001708984374,-0.058200844556093215,-0.029673838251829145,-0.015548574526607989
1665946400446082800,57.41408276367188,-0.11293547430634499,-0.04012041346430778,-0.028100597585737703
1665946400456163800,57.424163818359375,-0.10191197598874568,-0.035137948876619335,-0.0808014199534431
1665946400466244900,57.43424487304687,-0.11347849514186381,0.04637830481529236,-0.14030045109391212
1665946400476327000,57.44432690429687,-0.11539689598381518,0.08117781551778316,-0.11481387193147093
1665946400486407700,57.45440771484375,-0.052768298113346095,0.13708441165685653,-0.07698094834983349
1665946400496488700,57.46448876953125,0.12741466603577137,0.1310942313313484,-0.023757015423476694
1665946400506570000,57.47457006835938,0.28848727152347564,0.09104571405947208,0.06743745945692062
1665946400516651000,57.48465112304687,0.2550748312652111,0.05065700504779815,0.2633589677467942
1665946400526732800,57.49473291015625,0.45066813051402566,-0.004224339696764946,0.2823593997603282
1665946400536814000,57.50481396484375,0.5149731371641159,-0.1513280410647392,0.23211802630871534
1665946400546894800,57.51489477539062,0.2594534847408533,-0.10234569123089313,0.06852876182496548
1665946400556975900,57.52497583007813,0.09407003031671046,-0.007853051587939261,-0.051200610405206674
1665946400567058000,57.53505786132813,-0.030543606823682783,0.14918576833903788,-0.060039458160102366
1665946400577139000,57.545138916015624,-0.10277940647304057,0.2115530849248171,0.01786762859132141
1665946400587220000,57.55521997070313,-0.10984159994423388,0.266636089721322,0.07165007218327372
